Pablo	Arbelaez	http://www.cs.berkeley.edu/~arbelaez/
Shai	Avidan	http://www.eng.tau.ac.il/~avidan/
Serge	Belongie	http://cseweb.ucsd.edu/~sjb/
Terry	Boult	http://www.cs.uccs.edu/~tboult/
Yuri	Boykov	http://www.csd.uwo.ca/~yuri/
Shih-Fu	Chang	http://www.ee.columbia.edu/~sfchang/
Piotr	Dollar	http://vision.ucsd.edu/~pdollar/
Fredo	Durand	http://people.csail.mit.edu/fredo/
Alyosha	Efros	http://www.eecs.berkeley.edu/~efros/
Pedro	Felzenszwalb	http://cs.brown.edu/~pff/
Rob	Fergus	http://cs.nyu.edu/~fergus/
Rogerio	Feris	http://rogerioferis.com/
Vitorio	Ferrari	http://homepages.inf.ed.ac.uk/vferrari/
Abhinav	Gupta	http://www.cs.cmu.edu/~abhinavg/
Fred	Hamprecht	http://www.marsilius-kolleg.uni-heidelberg.de/fellows_en/hamprecht_en.html
James	Hays	http://cs.brown.edu/~hays/
Martial	Hebert	http://www.cs.cmu.edu/~hebert/
Derek	Hoiem	http://web.engr.illinois.edu/~dhoiem/
Gang	Hua	http://www.cs.stevens.edu/~ghua/
Michal	Irani	http://www.wisdom.weizmann.ac.il/~irani/
David	Jacobs	http://www.cs.umd.edu/~djacobs/
Herve	Jegou	http://people.rennes.inria.fr/Herve.Jegou/
Neel	Joshi	http://research.microsoft.com/en-us/um/people/neel/index.html
Frederic	Jurie	https://jurie.users.greyc.fr
Iasonas	Kokkinos	http://cvn.ecp.fr/personnel/iasonas/
Vladimir	Kolmogorov	http://pub.ist.ac.at/~vnk/
M. Pawan	Kumar	http://cvn.ecp.fr/personnel/pawan/index.html
Ivan	Laptev	http://www.di.ens.fr/~laptev/
Svetlana	Lazebnik	http://web.engr.illinois.edu/~slazebni/
Kyoung Mu	Lee	http://cv.snu.ac.kr/kmlee/
Bastian	Leibe	http://www.vision.rwth-aachen.de/people/leibe
Victor	Lempitsky	http://sites.skoltech.ru/compvision/members/vilem/
Vincent	Lepetit	http://www.icg.tugraz.at/Members/lepetit
Hongdong	Li	http://users.cecs.anu.edu.au/~hongdong/
Simon	Lucey	http://www.simonlucey.com
Jiri	Matas	http://cmp.felk.cvut.cz/~matas/
Yasuyuki	Matsushita	http://research.microsoft.com/en-us/people/yasumat/
Krystian	Mikolajczyk	http://personal.ee.surrey.ac.uk/Personal/Mikolajczyk/
Srinivasa	Narasimhan	http://www.cs.cmu.edu/~srinivas/
Aude	Oliva	http://cvcl.mit.edu/audeoliva.html
Devi	Parikh	https://filebox.ece.vt.edu/~parikh/
Florent	Perronnin	http://www.xrce.xerox.com/Research-Development/Document-Content-Laboratory/Computer-Vision/People/Florent-Perronnin
Robert	Pless	http://www.cs.wustl.edu/~pless/
Jean	Ponce	http://www.di.ens.fr/~ponce/
Deva	Ramanan	http://www.ics.uci.edu/~dramanan/
Marc'Aurelio	Ranzato	http://www.cs.toronto.edu/~ranzato/
James	Rehg	http://www.cc.gatech.edu/~rehg/
Xiaofeng	Ren	http://homes.cs.washington.edu/~xren/
Arun	Ross	http://www.cse.msu.edu/~rossarun/
Silvio	Savarese	http://cvgl.stanford.edu/silvio/
Eli	Shechtman	http://www.adobe.com/technology/people/seattle/shechtman.html
Yaser	Sheikh	http://www.cmu.edu/me/people/sheikh.html
Cristian	Sminchisescu	http://www.maths.lth.se/matematiklth/personal/sminchis/people/sminchisescu.html
Noah	Snavely	http://www.cs.cornell.edu/%7Esnavely/
Erik	Sudderth	http://cs.brown.edu/~sudderth/
Jian	Sun	http://research.microsoft.com/en-us/people/jiansun/
Lorenzo	Torresani	http://cs.dartmouth.edu/~lorenzo/home.html
Raquel	Urtasun	http://www.cs.toronto.edu/~urtasun/
Luc	Van Gool	http://www.vision.ee.ethz.ch/members/get_member.cgi?id=1
Andrea	Vedaldi	http://www.robots.ox.ac.uk/~vedaldi/
Olga	Veksler	http://www.csd.uwo.ca/~olga/
Jakob	Verbeek	http://lear.inrialpes.fr/~verbeek/
Lihi	Zelnik-Manor	http://webee.technion.ac.il/~lihi/
S. Kevin	Zhou	https://sites.google.com/site/skevinzhou/home
Todd	Zickler	http://www.eecs.harvard.edu/~zickler/
Larry	Zitnick	http://research.microsoft.com/en-us/people/larryz/
